coc_code,state_code,coc_name,cluster_number_zillow_2017,coc_total_population_zillow_2017,pit_count_from_2017_zillow_2017,estimated_homeless_rate_percent_zillow_2017,zri_as_percent_of_median_income_zillow_2017,percent_of_coc_living_in_extreme_poverty_zillow_2017,coc_category,pit_overall_homeless_2017,pit_sheltered_es_homeless_2017,pit_sheltered_th_homeless_2017,pit_sheltered_sh_homeless_2017,pit_sheltered_total_homeless_2017,pit_unsheltered_homeless_2017,pit_homeless_individuals_2017,pit_sheltered_es_homeless_individuals_2017,pit_sheltered_th_homeless_individuals_2017,pit_sheltered_sh_homeless_individuals_2017,pit_sheltered_total_homeless_individuals_2017,pit_unsheltered_homeless_individuals_2017,pit_homeless_people_in_families_2017,pit_sheltered_es_homeless_people_in_families_2017,pit_sheltered_th_homeless_people_in_families_2017,pit_sheltered_total_homeless_people_in_families_2017,pit_unsheltered_homeless_people_in_families_2017,pit_homeless_family_households_2017,pit_sheltered_es_homeless_family_households_2017,pit_sheltered_th_homeless_family_households_2017,pit_sheltered_total_homeless_family_households_2017,pit_unsheltered_homeless_family_households_2017,pit_chronically_homeless_2017,pit_sheltered_es_chronically_homeless_2017,pit_sheltered_sh_chronically_homeless_2017,pit_sheltered_total_chronically_homeless_2017,pit_unsheltered_chronically_homeless_2017,pit_chronically_homeless_individuals_2017,pit_sheltered_es_chronically_homeless_individuals_2017,pit_sheltered_sh_chronically_homeless_individuals_2017,pit_sheltered_total_chronically_homeless_individuals_2017,pit_unsheltered_chronically_homeless_individuals_2017,pit_chronically_homeless_people_in_families_2017,pit_sheltered_es_chronically_homeless_people_in_families_2017,pit_sheltered_total_chronically_homeless_people_in_families_2017,pit_unsheltered_chronically_homeless_people_in_families_2017,pit_homeless_veterans_2017,pit_sheltered_es_homeless_veterans_2017,pit_sheltered_th_homeless_veterans_2017,pit_sheltered_sh_homeless_veterans_2017,pit_sheltered_total_homeless_veterans_2017,pit_unsheltered_homeless_veterans_2017,pit_homeless_unaccompanied_youth_under_25_2017,pit_sheltered_es_homeless_unaccompanied_youth_under_25_2017,pit_sheltered_th_homeless_unaccompanied_youth_under_25_2017,pit_sheltered_sh_homeless_unaccompanied_youth_under_25_2017,pit_sheltered_total_homeless_unaccompanied_youth_under_25_2017,pit_unsheltered_homeless_unaccompanied_youth_under_25_2017,pit_homeless_unaccompanied_youth_under_18_2017,pit_sheltered_es_homeless_unaccompanied_youth_under_18_2017,pit_sheltered_th_homeless_unaccompanied_youth_under_18_2017,pit_sheltered_sh_homeless_unaccompanied_youth_under_18_2017,pit_sheltered_total_homeless_unaccompanied_youth_under_18_2017,pit_unsheltered_homeless_unaccompanied_youth_under_18_2017,pit_homeless_unaccompanied_youth_age_18_24_2017,pit_sheltered_es_homeless_unaccompanied_youth_age_18_24_2017,pit_sheltered_th_homeless_unaccompanied_youth_age_18_24_2017,pit_sheltered_sh_homeless_unaccompanied_youth_age_18_24_2017,pit_sheltered_total_homeless_unaccompanied_youth_age_18_24_2017,pit_unsheltered_homeless_unaccompanied_youth_age_18_24_2017,pit_homeless_parenting_youth_under_25_2017,pit_sheltered_es_homeless_parenting_youth_under_25_2017,pit_sheltered_th_homeless_parenting_youth_under_25_2017,pit_sheltered_total_homeless_parenting_youth_under_25_2017,pit_unsheltered_homeless_parenting_youth_under_25_2017,pit_homeless_parenting_youth_under_18_2017,pit_sheltered_es_homeless_parenting_youth_under_18_2017,pit_sheltered_th_homeless_parenting_youth_under_18_2017,pit_sheltered_total_homeless_parenting_youth_under_18_2017,pit_unsheltered_homeless_parenting_youth_under_18_2017,pit_homeless_parenting_youth_age_18_24_2017,pit_sheltered_es_homeless_parenting_youth_age_18_24_2017,pit_sheltered_th_homeless_parenting_youth_age_18_24_2017,pit_sheltered_total_homeless_parenting_youth_age_18_24_2017,pit_unsheltered_homeless_parenting_youth_age_18_24_2017,pit_homeless_children_of_parenting_youth_2017,pit_sheltered_es_homeless_children_of_parenting_youth_2017,pit_sheltered_th_homeless_children_of_parenting_youth_2017,pit_sheltered_total_homeless_children_of_parenting_youth_2017,pit_unsheltered_homeless_children_of_parenting_youth_2017,hic_total_year_round_beds_es_th_sh_2017,hic_total_non_dv_year_round_beds_es_th_sh_2017,hic_total_hmis_year_round_beds_es_th_sh_2017,hic_hmis_participation_rate_for_year_round_beds_es_th_sh_2017,hic_total_year_round_beds_es_6_2017,hic_total_year_round_beds_th_7_2017,hic_total_year_round_beds_sh_8_2017,hic_total_units_for_households_with_children_es_th_sh_2017,hic_total_beds_for_households_with_children_es_th_sh_2017,hic_total_beds_for_households_without_children_es_th_sh_2017,hic_total_beds_for_households_with_only_children_es_th_sh_2017,hic_dedicated_veteran_beds_es_th_sh_2017,hic_dedicated_youth_beds_es_th_sh_2017,hic_total_year_round_beds_es_15_2017,hic_total_non_dv_year_round_beds_es_2017,hic_total_hmis_year_round_beds_es_2017,hic_hmis_participation_rate_for_year_round_beds_es_2017,hic_total_seasonal_beds_es_2017,hic_total_overflow_beds_es_2017,hic_total_units_for_households_with_children_es_2017,hic_total_beds_for_households_with_children_es_2017,hic_total_beds_for_households_without_children_es_2017,hic_total_beds_for_households_with_only_children_es_2017,hic_dedicated_veteran_beds_es_2017,hic_dedicated_youth_beds_es_2017,hic_total_year_round_beds_th_27_2017,hic_total_non_dv_year_round_beds_th_2017,hic_total_hmis_year_round_beds_th_2017,hic_hmis_participation_rate_for_year_round_beds_th_2017,hic_total_units_for_households_with_children_th_2017,hic_total_beds_for_households_with_children_th_2017,hic_total_beds_for_households_without_children_th_2017,hic_total_beds_for_households_with_only_children_th_2017,hic_dedicated_veteran_beds_th_2017,hic_dedicated_youth_beds_th_2017,hic_total_year_round_beds_sh_37_2017,hic_total_non_dv_year_round_beds_sh_2017,hic_total_hmis_year_round_beds_sh_2017,hic_hmis_participation_rate_for_year_round_beds_sh_2017,hic_total_units_for_households_with_children_sh_2017,hic_total_beds_for_households_with_children_sh_2017,hic_total_beds_for_households_without_children_sh_2017,hic_total_beds_for_households_with_only_children_sh_2017,hic_dedicated_veteran_beds_sh_2017,hic_dedicated_youth_beds_sh_2017,hic_total_year_round_beds_rrh_2017,hic_total_non_dv_year_round_beds_rrh_2017,hic_total_hmis_year_round_beds_rrh_2017,hic_hmis_participation_rate_for_year_round_beds_rrh_2017,hic_total_units_for_households_with_children_rrh_2017,hic_total_beds_for_households_with_children_rrh_2017,hic_total_beds_for_households_without_children_rrh_2017,hic_total_beds_for_households_with_only_children_rrh_2017,hic_dedicated_veteran_beds_rrh_2017,hic_dedicated_youth_beds_rrh_2017,hic_total_year_round_beds_psh_2017,hic_total_non_dv_year_round_beds_psh_2017,hic_total_hmis_year_round_beds_psh_2017,hic_hmis_participation_rate_for_year_round_beds_psh_2017,hic_total_units_for_households_with_children_psh_2017,hic_total_beds_for_households_with_children_psh_2017,hic_total_beds_for_households_without_children_psh_2017,hic_total_beds_for_households_with_only_children_psh_2017,hic_dedicated_veteran_beds_psh_2017,hic_dedicated_youth_beds_psh_2017,hic_dedicated_chronically_homeless_beds_psh_2017,hic_total_year_round_beds_oph_2017,hic_total_non_dv_year_round_beds_oph_2017,hic_total_hmis_year_round_beds_oph_2017,hic_hmis_participation_rate_for_year_round_beds_oph_2017,hic_total_units_for_households_with_children_oph_2017,hic_total_beds_for_households_with_children_oph_2017,hic_total_beds_for_households_without_children_oph_2017,hic_total_beds_for_households_with_only_children_oph_2017,hic_dedicated_veteran_beds_oph_2017,hic_dedicated_youth_beds_oph_2017
ak-500,ak,anchorage coc,3,299535,1128,0.41,26.37108065,3.364520302,other urban cocs,1128,654,319,0,973,155,848,548,145,0,693,155,280,106,174,280,0,87,34,53,87,0,116,72,0,72,44,114,70,0,70,44,2,2,2,0,69,48,9,0,57,12,115,72,29,0,101,14,8,8,0,0,8,0,107,64,29,0,93,14,12,3,9,12,0,0,0,0,0,0,12,3,9,12,0,21,6,15,21,0,1023,950,829,0.81040000000000001,597,426,0,97,339,675,9,0,115,597,545,466,0.78059999999999996,92,24,29,132,456,9,0,60,426,405,363,0.85209999999999997,68,207,219,0,0,55,0,0,0,"NA",0,0,0,0,0,0,43,43,43,1,8,34,9,0,17,3,571,571,379,0.66369999999999996,52,156,415,0,192,0,311,71,71,71,1,0,0,71,0,0,0
ca-500,ca,san jose/santa clara city & county coc,3,1901963,7394,0.53,41.6583082,4.506882987,major cities,7394,1140,806,0,1946,5448,6319,794,373,0,1167,5152,1075,346,433,779,296,294,97,126,223,71,2097,302,0,302,1795,2018,260,0,260,1758,79,42,42,37,660,72,136,0,208,452,2530,39,55,0,94,2436,509,9,0,0,9,500,2021,30,55,0,85,1936,34,6,20,26,8,0,0,0,0,0,34,6,20,26,8,37,6,22,28,9,1652,1593,1593,0.96430000000000005,654,998,0,203,762,878,12,199,87,654,595,595,0.90980000000000005,571,0,59,205,437,12,50,12,998,998,998,1,144,557,441,0,149,75,0,0,0,"NA",0,0,0,0,0,0,532,520,520,0.97740000000000005,102,345,187,0,55,1,4275,4084,2698,0.63109999999999999,466,1618,2657,0,1315,63,1867,0,0,0,"NA",0,0,0,0,0,0
ca-501,ca,san francisco coc,3,859801,6858,1.03,60.47998716,5.469914169,major cities,6858,2056,434,15,2505,4353,6257,1696,213,15,1924,4333,601,360,221,581,20,190,115,69,184,6,2138,555,5,560,1578,2112,532,5,537,1575,26,23,23,3,684,162,151,15,328,356,1274,71,79,0,150,1124,104,10,0,0,10,94,1170,61,79,0,140,1030,41,19,15,34,7,0,0,0,0,0,41,19,15,34,7,40,20,15,35,5,2759,2642,1880,0.68140000000000001,2287,453,19,343,773,1961,25,451,193,2287,2206,1601,0.7,35,0,237,538,1724,25,292,96,453,417,279,0.6159,106,235,218,0,140,97,19,19,0,0,0,0,19,0,19,0,176,176,137,0.77839999999999998,14,39,137,0,0,0,8254,8189,6507,0.7883,894,2647,5607,0,1059,122,7730,0,0,0,"NA",0,0,0,0,0,0
ca-502,ca,oakland/alameda county coc,3,1625451,5629,0.43,44.72442552,5.403456005,major cities,5629,1022,744,0,1766,3863,4918,636,445,0,1081,3837,711,386,299,685,26,270,151,110,261,9,1707,298,0,298,1409,1620,214,0,214,1406,87,84,84,3,531,48,105,0,153,378,991,81,172,0,253,738,72,9,1,0,10,62,919,72,171,0,243,676,74,9,60,69,5,0,0,0,0,0,74,9,60,69,5,95,14,74,88,7,1636,1444,1203,0.73529999999999995,872,764,0,234,741,887,8,154,340,872,692,501,0.57450000000000001,270,39,94,414,450,8,22,56,764,752,702,0.91879999999999995,140,327,437,0,132,284,0,0,0,"NA",0,0,0,0,0,0,443,443,345,0.77880000000000005,89,299,144,0,47,0,2871,2839,2220,0.7732,363,972,1899,0,451,70,715,0,0,0,"NA",0,0,0,0,0,0
ca-504,ca,santa rosa/petaluma/sonoma county coc,3,500474,2835,0.8,45.76195635,4.800930098,suburban cocs,2835,655,333,0,988,1847,2509,477,192,0,669,1840,326,178,141,319,7,111,54,55,109,2,598,134,0,134,464,577,113,0,113,464,21,21,21,0,211,35,31,0,66,145,532,27,22,0,49,483,116,0,0,0,0,116,416,27,22,0,49,367,6,2,1,3,3,0,0,0,0,0,6,2,1,3,3,6,2,1,3,3,936,874,807,0.86219999999999997,605,331,0,101,375,555,6,35,34,605,578,573,0.94710000000000005,210,3,50,207,392,6,19,22,331,296,234,0.70689999999999997,51,168,163,0,16,12,0,0,0,"NA",0,0,0,0,0,0,330,330,330,1,74,240,90,0,35,15,952,952,524,0.5504,109,333,619,0,383,8,232,118,118,118,1,32,111,7,0,0,0
ca-505,ca,richmond/contra costa county coc,3,1119782,1607,0.21,34.13996405,4.522207323,suburban cocs,1607,502,194,0,696,911,1352,366,146,0,512,840,255,136,48,184,71,84,43,19,62,22,331,130,0,130,201,311,117,0,117,194,20,13,13,7,99,35,15,0,50,49,61,16,14,0,30,31,0,0,0,0,0,0,61,16,14,0,30,31,12,5,2,7,5,0,0,0,0,0,12,5,2,7,5,15,8,3,11,4,677,634,381,0.56279999999999997,459,218,0,55,203,471,3,28,32,459,435,325,0.70809999999999995,84,18,38,144,312,3,16,18,218,199,56,0.25690000000000002,17,59,159,0,12,14,0,0,0,"NA",0,0,0,0,0,0,183,183,183,1,48,136,47,0,48,0,1183,1183,921,0.77849999999999997,147,497,686,0,262,11,653,0,0,0,"NA",0,0,0,0,0,0
ca-506,ca,"salinas/monterey, san benito counties coc",3,490506,3364,0.95,44.78298727,4.496449722,rural cocs,3364,420,430,0,850,2514,2719,264,157,0,421,2298,645,156,273,429,216,184,43,86,129,55,902,43,0,43,859,900,41,0,41,859,2,2,2,0,123,9,58,0,67,56,627,17,21,0,38,589,152,0,0,0,0,152,475,17,21,0,38,437,9,6,1,7,2,0,0,0,0,0,9,6,1,7,2,9,5,3,8,1,882,842,603,0.68369999999999997,292,590,0,128,478,386,18,64,50,292,252,82,0.28079999999999999,200,19,22,91,189,12,0,30,590,590,521,0.8831,106,387,197,6,64,20,0,0,0,"NA",0,0,0,0,0,0,19,19,6,0.31580000000000003,8,17,2,0,10,0,277,277,27,9.7500000000000003E-2,23,54,223,0,199,0,66,0,0,0,"NA",0,0,0,0,0,0
ca-508,ca,watsonville/santa cruz city & county coc,3,272584,2249,1.16,53.87185793,6.667905907,suburban cocs,2249,271,179,0,450,1799,1846,151,65,0,216,1630,403,120,114,234,169,129,41,34,75,54,600,77,0,77,523,525,58,0,58,467,75,19,19,56,236,17,2,0,19,217,586,10,3,0,13,573,163,4,0,0,4,159,423,6,3,0,9,414,13,0,3,3,10,0,0,0,0,0,13,0,3,3,10,17,0,4,4,13,482,464,399,0.82779999999999998,281,201,0,89,279,203,0,12,28,281,263,232,0.8256,106,0,53,156,125,0,12,0,201,201,167,0.83079999999999998,36,123,78,0,0,28,0,0,0,"NA",0,0,0,0,0,0,185,185,138,0.74590000000000001,63,155,30,0,86,0,638,638,223,0.34949999999999998,40,122,516,0,376,0,622,0,0,0,"NA",0,0,0,0,0,0
ca-509,ca,mendocino county coc,3,87274,1238,2.13,35.67677565,8.137398687,rural cocs,1238,113,47,0,160,1078,1179,79,33,0,112,1067,59,34,14,48,11,22,13,5,18,4,97,38,0,38,59,94,38,0,38,56,3,0,0,3,24,10,1,0,11,13,42,2,17,0,19,23,0,0,0,0,0,0,42,2,17,0,19,23,5,1,3,4,1,0,0,0,0,0,5,1,3,4,1,5,1,3,4,1,138,118,118,0.85509999999999997,72,66,0,15,112,26,0,0,5,72,57,57,0.79169999999999996,64,0,6,56,16,0,0,5,66,61,61,0.92420000000000002,9,56,10,0,0,0,0,0,0,"NA",0,0,0,0,0,0,0,0,0,"NA",0,0,0,0,0,0,364,364,364,1,103,227,137,0,120,0,79,0,0,0,"NA",0,0,0,0,0,0
ca-519,ca,chico/paradise/butte county coc,3,225190,1195,0.68,32.11784766,9.344323699,rural cocs,1195,285,165,0,450,745,997,224,85,0,309,688,198,61,80,141,57,66,22,26,48,18,531,111,0,111,420,495,92,0,92,403,36,19,19,17,110,22,8,0,30,80,68,12,14,0,26,42,8,0,0,0,0,8,60,12,14,0,26,34,8,2,5,7,1,0,0,0,0,0,8,2,5,7,1,12,1,10,11,1,463,428,420,0.90710000000000002,231,232,0,61,259,204,0,15,16,231,205,205,0.88739999999999997,39,41,18,95,136,0,0,4,232,223,215,0.92669999999999997,43,164,68,0,15,12,0,0,0,"NA",0,0,0,0,0,0,17,5,5,0.29409999999999997,4,12,5,0,5,0,345,345,345,1,48,192,153,0,188,0,29,18,18,0,0,0,0,18,0,0,0
ca-522,ca,humboldt county coc,3,135330,759,0.83,40.11013827,8.717186133,rural cocs,759,244,81,0,325,434,667,213,53,0,266,401,92,31,28,59,33,30,10,9,19,11,310,42,0,42,268,302,42,0,42,260,8,0,0,8,91,28,23,0,51,40,82,11,27,0,38,44,23,6,17,0,23,0,59,5,10,0,15,44,3,0,1,1,2,0,0,0,0,0,3,0,1,1,2,3,0,1,1,2,398,398,250,0.62809999999999999,293,105,0,25,136,245,17,51,22,293,293,145,0.49490000000000001,18,0,11,84,204,5,15,5,105,105,105,1,14,52,41,12,36,17,0,0,0,"NA",0,0,0,0,0,0,59,59,59,1,25,25,34,0,16,0,55,55,55,1,2,10,45,0,0,0,55,0,0,0,"NA",0,0,0,0,0,0
ca-523,ca,"colusa, glenn, trinity counties coc",3,62236,176,0.39,38.24135656,9.364537338,rural cocs,176,13,30,0,43,133,118,5,11,0,16,102,58,8,19,27,31,15,2,5,7,8,34,0,0,0,34,34,0,0,0,34,0,0,0,0,12,0,0,0,0,12,7,0,0,0,0,7,0,0,0,0,0,0,7,0,0,0,0,7,4,0,2,2,2,0,0,0,0,0,4,0,2,2,2,3,0,2,2,1,88,81,0,0,19,69,0,17,70,18,0,0,0,19,19,0,0,0,0,5,11,8,0,0,0,69,62,0,0,12,59,10,0,0,0,0,0,0,"NA",0,0,0,0,0,0,0,0,0,"NA",0,0,0,0,0,0,0,0,0,"NA",0,0,0,0,0,0,0,0,0,0,"NA",0,0,0,0,0,0
ca-524,ca,yuba city & county/sutter county coc,3,169922,760,0.52,30.35115918,7.069500167,suburban cocs,760,287,0,0,287,473,557,172,0,0,172,385,203,115,0,115,88,64,35,0,35,29,150,74,0,74,76,134,61,0,61,73,16,13,13,3,47,20,0,0,20,27,32,12,0,0,12,20,1,0,0,0,0,1,31,12,0,0,12,19,9,3,0,3,6,0,0,0,0,0,9,3,0,3,6,10,3,0,3,7,294,252,104,0.35370000000000001,294,0,0,33,85,209,0,0,0,294,252,104,0.35370000000000001,30,15,33,85,209,0,0,0,0,0,0,"NA",0,0,0,0,0,0,0,0,0,"NA",0,0,0,0,0,0,231,231,0,0,58,231,0,0,0,0,0,0,0,"NA",0,0,0,0,0,0,0,0,0,0,"NA",0,0,0,0,0,0
ca-526,ca,"amador, calaveras, tuolumne and mariposa counties coc",3,152888,367,0.37,33.95666828,6.271296484,rural cocs,367,84,19,0,103,264,259,26,13,0,39,220,108,58,6,64,44,37,19,2,21,16,71,4,0,4,67,71,4,0,4,67,0,0,0,0,20,2,8,0,10,10,25,4,2,0,6,19,0,0,0,0,0,0,25,4,2,0,6,19,13,0,0,0,13,0,0,0,0,0,13,0,0,0,13,8,0,0,0,8,154,73,73,0.47399999999999998,103,51,0,32,108,46,0,20,5,103,48,48,0.46600000000000003,0,28,22,76,27,0,0,0,51,25,25,0.49020000000000002,10,32,19,0,20,5,0,0,0,"NA",0,0,0,0,0,0,70,70,70,1,13,42,28,0,27,0,21,21,11,0.52380000000000004,0,0,21,0,10,0,9,0,0,0,"NA",0,0,0,0,0,0
ca-600,ca,los angeles city & county coc,3,9264635,55188,0.79,49.03433681,7.061760368,major cities,52442,8832,5122,18,13972,38470,44586,4013,3343,18,7374,37212,7856,4819,1779,6598,1258,2812,1653,627,2280,532,16249,986,12,998,15251,15759,717,12,729,15030,490,269,269,221,4440,379,691,0,1070,3370,2667,344,666,0,1010,1657,94,47,17,0,64,30,2573,297,649,0,946,1627,211,63,126,189,22,0,0,0,0,0,211,63,126,189,22,223,49,148,197,26,15225,13690,5052,0.33179999999999998,8535,6665,25,2392,7338,7800,87,1428,1081,8535,8068,2521,0.2954,1393,5,1644,5072,3388,75,309,228,6665,5597,2506,0.376,748,2266,4387,12,1119,853,25,25,25,1,0,0,25,0,0,0,2541,2512,2512,0.98860000000000003,470,1650,891,0,500,65,18348,18270,10243,0.55830000000000002,1646,5282,13066,0,6752,156,6655,2287,2190,905,0.3957,255,741,1546,0,649,84
ca-601,ca,san diego city and county coc,3,3283616,9160,0.37,40.16249351,6.264942653,major cities,9160,1572,1925,42,3539,5621,7571,1043,1158,42,2243,5328,1589,529,767,1296,293,514,158,265,423,91,2176,366,23,389,1787,2088,311,23,334,1754,88,55,55,33,1067,217,391,5,613,454,1160,75,202,0,277,883,68,26,1,0,27,41,1092,49,201,0,250,842,94,16,57,73,21,4,0,0,0,4,90,16,57,73,17,124,27,80,107,17,3722,3186,3169,0.85140000000000005,1337,2343,42,460,1637,2067,18,493,330,1337,1188,1188,0.88859999999999995,144,268,144,654,665,18,10,18,2343,1956,1939,0.8276,316,983,1360,0,482,312,42,42,42,1,0,0,42,0,1,0,706,603,603,0.85409999999999997,136,441,265,0,324,0,3882,3882,3882,1,297,937,2945,0,2197,52,661,814,814,503,0.6179,131,373,441,0,156,8
ca-606,ca,long beach coc,3,474605,1863,0.51,49.84166598,8.62373953,major cities,1863,354,301,0,655,1208,1646,265,230,0,495,1151,217,89,71,160,57,70,27,24,51,19,694,148,0,148,546,680,146,0,146,534,14,2,2,12,318,24,184,0,208,110,64,15,0,0,15,49,0,0,0,0,0,0,64,15,0,0,15,49,8,5,2,7,1,0,0,0,0,0,8,5,2,7,1,10,5,4,9,1,600,487,348,0.57999999999999996,261,339,0,62,191,409,0,210,0,261,235,138,0.52869999999999995,165,0,30,100,161,0,0,0,339,252,210,0.61950000000000005,32,91,248,0,210,0,0,0,0,"NA",0,0,0,0,0,0,521,521,506,0.97119999999999995,76,256,265,0,341,13,1679,1679,1495,0.89039999999999997,154,582,1097,0,1051,0,285,150,150,0,0,0,0,150,0,150,0
ca-607,ca,pasadena coc,3,137876,575,0.57,45.00281823,8.473201344,other urban cocs,575,173,55,0,228,347,465,116,12,0,128,337,110,57,43,100,10,37,21,12,33,4,202,47,0,47,155,196,47,0,47,149,6,0,0,6,30,11,0,0,11,19,36,5,3,0,8,28,5,0,0,0,0,5,31,5,3,0,8,23,4,2,2,4,0,0,0,0,0,0,4,2,2,4,0,5,3,2,5,0,163,163,163,1,99,64,0,33,89,74,0,0,0,99,99,99,1,150,14,14,41,58,0,0,0,64,64,64,1,19,48,16,0,0,0,0,0,0,"NA",0,0,0,0,0,0,45,45,45,1,17,45,0,0,0,0,405,405,398,0.98270000000000002,47,150,255,0,27,26,150,0,0,0,"NA",0,0,0,0,0,0
ca-614,ca,san luis obispo county coc,3,280843,1125,0.67,44.02321972,7.511970193,suburban cocs,1125,260,43,0,303,822,977,144,24,0,168,809,148,116,19,135,13,49,38,6,44,5,282,16,0,16,266,276,16,0,16,260,6,0,0,6,84,8,0,0,8,76,196,9,0,0,9,187,23,0,0,0,0,23,173,9,0,0,9,164,7,3,0,3,4,0,0,0,0,0,7,3,0,3,4,7,3,0,3,4,253,160,120,0.4743,181,72,0,35,140,113,0,0,13,181,136,100,0.55249999999999999,71,28,27,98,83,0,0,13,72,24,20,0.27779999999999999,8,42,30,0,0,0,0,0,0,"NA",0,0,0,0,0,0,74,74,74,1,15,43,31,0,74,0,251,251,86,0.34260000000000002,62,67,184,0,170,3,86,6,6,0,0,0,0,6,0,0,0
dc-500,dc,district of columbia coc,3,670534,7473,1.2,38.39843507,9.857367169,major cities,7473,5363,1213,0,6576,897,3583,1992,694,0,2686,897,3890,3371,519,3890,0,1166,975,191,1166,0,1881,1343,0,1343,538,1470,932,0,932,538,411,411,411,0,285,81,169,0,250,35,228,88,106,0,194,34,5,4,1,0,5,0,223,84,105,0,189,34,397,327,70,397,0,0,0,0,0,0,397,327,70,397,0,482,398,84,482,0,7402,7064,6727,0.90880000000000005,5888,1514,0,1265,4171,3221,10,209,526,5888,5728,5578,0.94740000000000002,424,0,1035,3545,2333,10,0,78,1514,1336,1149,0.75890000000000002,230,626,888,0,209,448,0,0,0,"NA",0,0,0,0,0,0,4480,4480,4478,0.99960000000000004,1398,4208,272,0,212,67,6336,6300,5103,0.8054,1043,3117,3219,0,1251,130,6236,1751,1751,0,0,472,1561,190,0,0,0
fl-502,fl,st. petersburg/clearwater/largo/pinellas county coc,3,947619,2831,0.41,33.28978238,6.909468342,suburban cocs,2831,1294,349,36,1679,1152,2466,973,305,36,1314,1152,365,321,44,365,0,115,97,18,115,0,690,156,23,179,511,690,156,23,179,511,0,0,0,0,329,128,115,20,263,66,118,48,40,0,88,30,31,14,17,0,31,0,87,34,23,0,57,30,12,11,1,12,0,0,0,0,0,0,12,11,1,12,0,17,16,1,17,0,2047,1911,1877,0.91700000000000004,1543,459,45,120,525,1477,45,189,45,1543,1407,1393,0.90280000000000005,0,16,74,423,1096,24,34,24,459,459,439,0.95640000000000003,46,102,336,21,135,21,45,45,45,1,0,0,45,0,20,0,143,90,86,0.60140000000000005,111,111,32,0,15,0,1524,1492,1492,0.97899999999999998,59,214,1310,0,871,0,891,0,0,0,"NA",0,0,0,0,0,0
fl-504,fl,"daytona beach/daytona/volusia, flagler counties coc",3,622944,753,0.17,34.09781605,6.962274571,suburban cocs,753,112,193,0,305,448,555,67,55,0,122,433,198,45,138,183,15,63,14,44,58,5,88,6,0,6,82,85,6,0,6,79,3,0,0,3,52,3,20,0,23,29,37,12,7,0,19,18,17,9,3,0,12,5,20,3,4,0,7,13,4,0,3,3,1,0,0,0,0,0,4,0,3,3,1,6,0,4,4,2,449,371,366,0.81510000000000005,158,291,0,67,298,135,16,23,97,158,80,80,0.50629999999999997,0,0,22,79,68,11,0,47,291,291,286,0.98280000000000001,45,219,67,5,23,50,0,0,0,"NA",0,0,0,0,0,0,112,112,94,0.83930000000000005,20,57,55,0,24,16,433,433,170,0.3926,17,56,377,0,288,32,97,0,0,0,"NA",0,0,0,0,0,0
fl-505,fl,"fort walton beach/okaloosa, walton counties coc",3,262928,401,0.23,29.91709242,5.815777926,suburban cocs,401,68,62,0,130,271,247,10,4,0,14,233,154,58,58,116,38,44,18,18,36,8,112,6,0,6,106,92,6,0,6,86,20,0,0,20,27,6,0,0,6,21,17,0,4,0,4,13,5,0,4,0,4,1,12,0,0,0,0,12,8,3,2,5,3,1,0,0,0,1,7,3,2,5,2,10,2,2,4,6,134,110,110,0.82089999999999996,60,74,0,21,100,34,0,4,0,60,36,36,0.6,38,0,10,26,34,0,4,0,74,74,74,1,11,74,0,0,0,0,0,0,0,"NA",0,0,0,0,0,0,33,33,33,1,8,18,15,0,4,0,216,216,37,0.17130000000000001,179,179,37,0,179,37,37,0,0,0,"NA",0,0,0,0,0,0
fl-509,fl,"fort pierce/st. lucie, indian river, martin counties coc",3,601682,1732,0.47,35.54859521,6.095245682,suburban cocs,1732,80,103,0,183,1549,750,23,42,0,65,685,982,57,61,118,864,338,22,19,41,297,57,0,0,0,57,57,0,0,0,57,0,0,0,0,72,0,0,0,0,72,103,14,13,0,27,76,60,10,0,0,10,50,43,4,13,0,17,26,9,4,4,8,1,0,0,0,0,0,9,4,4,8,1,11,4,6,10,1,220,160,148,0.67269999999999996,102,118,0,47,151,57,12,3,24,102,42,42,0.4118,0,0,21,77,13,12,0,12,118,118,106,0.89829999999999999,26,74,44,0,3,12,0,0,0,"NA",0,0,0,0,0,0,108,108,108,1,22,85,23,0,15,0,363,363,255,0.70250000000000001,29,89,274,0,118,0,277,96,96,96,1,24,96,0,0,0,0
fl-512,fl,saint johns county coc,3,226229,445,0.31,27.52983195,4.114820327,suburban cocs,445,89,90,0,179,266,295,43,4,0,47,248,150,46,86,132,18,42,14,24,38,4,42,1,0,1,41,42,1,0,1,41,0,0,0,0,40,7,0,0,7,33,16,0,0,0,0,16,0,0,0,0,0,0,16,0,0,0,0,16,8,2,6,8,0,0,0,0,0,0,8,2,6,8,0,14,5,9,14,0,190,120,120,0.63160000000000005,94,96,0,100,144,46,0,0,0,94,40,40,0.42549999999999999,0,2,23,48,46,0,0,0,96,80,80,0.83330000000000004,77,96,0,0,0,0,0,0,0,"NA",0,0,0,0,0,0,16,16,0,0,1,7,9,0,16,0,0,0,0,"NA",0,0,0,0,0,0,0,34,34,10,0.29409999999999997,6,27,7,0,0,0
fl-517,fl,"hendry, hardee, highlands counties coc",3,253385,609,0.41,41.00323093,10.37309745,rural cocs,609,44,47,0,91,518,377,0,9,0,9,368,232,44,38,82,150,79,18,14,32,47,283,0,0,0,283,236,0,0,0,236,47,0,0,47,16,0,0,0,0,16,62,0,0,0,0,62,21,0,0,0,0,21,41,0,0,0,0,41,11,4,0,4,7,0,0,0,0,0,11,4,0,4,7,15,6,0,6,9,95,62,62,0.65259999999999996,48,47,0,11,80,15,0,0,0,48,15,15,0.3125,0,0,7,44,4,0,0,0,47,47,47,1,4,36,11,0,0,0,0,0,0,"NA",0,0,0,0,0,0,0,0,0,"NA",0,0,0,0,0,0,149,149,149,1,11,40,109,0,92,0,46,0,0,0,"NA",0,0,0,0,0,0
fl-518,fl,"columbia, hamilton, lafayette, suwannee counties coc",3,135313,502,0.6,30.14220913,8.33518291,rural cocs,502,65,34,0,99,403,372,12,34,0,46,326,130,53,0,53,77,44,16,0,16,28,38,0,0,0,38,34,0,0,0,34,4,0,0,4,43,1,25,0,26,17,44,10,1,0,11,33,9,7,0,0,7,2,35,3,1,0,4,31,11,3,0,3,8,0,0,0,0,0,11,3,0,3,8,12,4,0,4,8,119,49,49,0.4118,82,37,0,16,57,50,12,27,12,82,12,12,0.14630000000000001,0,5,16,57,13,12,0,12,37,37,37,1,0,0,37,0,27,0,0,0,0,"NA",0,0,0,0,0,0,72,72,72,1,9,33,39,0,48,29,95,95,11,0.1158,5,17,78,0,89,9,11,0,0,0,"NA",0,0,0,0,0,0
fl-519,fl,pasco county coc,3,497332,2593,0.72,28.50454098,5.475306557,suburban cocs,2593,141,37,0,178,2415,838,76,37,0,113,725,1755,65,0,65,1690,444,22,0,22,422,847,51,0,51,796,416,41,0,41,375,431,10,10,421,220,45,0,0,45,175,329,6,6,0,12,317,49,2,0,0,2,47,280,4,6,0,10,270,24,4,0,4,20,2,0,0,0,2,22,4,0,4,18,30,2,0,2,28,220,164,164,0.74550000000000005,102,118,0,16,100,118,2,39,2,102,46,46,0.45100000000000001,0,5,4,60,40,2,15,2,118,118,118,1,12,40,78,0,24,0,0,0,0,"NA",0,0,0,0,0,0,94,94,94,1,10,28,66,0,73,0,191,191,191,1,53,90,101,0,88,0,0,26,26,26,1,1,9,17,0,6,0
fl-602,fl,punta gorda/charlotte county coc,3,173501,222,0.17,45.96173287,5.145140039,suburban cocs,222,66,23,0,89,133,165,41,23,0,64,101,57,25,0,25,32,13,7,0,7,6,33,4,0,4,29,29,4,0,4,25,4,0,0,4,55,30,23,0,53,2,7,2,1,0,3,4,0,0,0,0,0,0,7,2,1,0,3,4,2,2,0,2,0,0,0,0,0,0,2,2,0,2,0,3,3,0,3,0,90,76,76,0.84440000000000004,66,24,0,16,19,71,0,44,0,66,52,52,0.78790000000000004,0,0,16,19,47,0,20,0,24,24,24,1,0,0,24,0,24,0,0,0,0,"NA",0,0,0,0,0,0,251,251,243,0.96809999999999996,98,126,125,0,140,55,65,65,65,1,1,2,63,0,15,0,25,0,0,0,"NA",0,0,0,0,0,0
fl-604,fl,monroe county coc,3,78399,631,1.15,62.8533853,6.97881886,rural cocs,631,218,121,0,339,292,581,202,90,0,292,289,50,16,31,47,3,18,5,12,17,1,83,1,0,1,82,83,1,0,1,82,0,0,0,0,87,31,26,0,57,30,26,14,4,0,18,8,11,11,0,0,11,0,15,3,4,0,7,8,2,1,1,2,0,0,0,0,0,0,2,1,1,2,0,2,1,1,2,0,401,387,348,0.86780000000000002,251,150,0,16,69,299,33,17,33,251,237,204,0.81269999999999998,0,0,7,36,182,33,0,33,150,150,144,0.96,9,33,117,0,17,0,0,0,0,"NA",0,0,0,0,0,0,0,0,0,"NA",0,0,0,0,0,0,202,202,197,0.97519999999999996,13,42,160,0,2,0,54,11,11,11,1,4,10,1,0,0,0
ga-500,ga,atlanta continuum of care,3,460412,3572,0.93,34.04247831,12.35486841,major cities,3572,1567,1324,0,2891,681,3089,1305,1117,0,2422,667,483,262,207,469,14,163,88,70,158,5,346,215,0,215,131,332,207,0,207,125,14,8,8,6,386,87,234,0,321,65,199,93,88,0,181,18,11,6,5,0,11,0,188,87,83,0,170,18,7,4,2,6,1,0,0,0,0,0,7,4,2,6,1,9,5,3,8,1,3419,3347,1675,0.4899,1768,1651,0,220,739,2680,0,175,101,1768,1696,753,0.4259,153,201,140,497,1271,0,25,46,1651,1651,922,0.55840000000000001,80,242,1409,0,150,55,0,0,0,"NA",0,0,0,0,0,0,177,148,133,0.75139999999999996,44,122,55,0,44,0,1941,1941,1735,0.89390000000000003,166,483,1450,8,373,42,1581,0,0,0,"NA",0,0,0,0,0,0
ga-507,ga,savannah/chatham county coc,3,285936,926,0.42,27.44716022,7.564635198,other urban cocs,926,244,319,0,563,363,751,141,247,0,388,363,175,103,72,175,0,53,31,22,53,0,234,67,0,67,167,229,62,0,62,167,5,5,5,0,38,6,5,0,11,27,87,22,19,0,41,46,10,9,0,0,9,1,77,13,19,0,32,45,14,4,10,14,0,0,0,0,0,0,14,4,10,14,0,16,5,11,16,0,699,641,372,0.53220000000000001,306,393,0,52,185,502,12,0,12,306,258,218,0.71240000000000003,40,0,23,103,191,12,0,12,393,383,154,0.39190000000000003,29,82,311,0,0,0,0,0,0,"NA",0,0,0,0,0,0,0,0,0,"NA",0,0,0,0,0,0,689,689,509,0.73880000000000001,230,468,221,0,132,0,93,10,10,0,0,4,10,0,0,0,0
hi-500,hi,hawaii balance of state coc,3,431130,2261,0.7,46.73185272,6.084549003,rural cocs,2261,283,502,0,785,1476,1423,117,128,0,245,1178,838,166,374,540,298,208,44,96,140,68,641,52,0,52,589,551,27,0,27,524,90,25,25,65,166,11,12,0,23,143,109,3,3,0,6,103,2,0,1,0,1,1,107,3,2,0,5,102,23,5,15,20,3,0,0,0,0,0,23,5,15,20,3,22,4,12,16,6,1036,949,949,0.91600000000000004,395,641,0,191,730,306,0,5,2,395,318,318,0.80510000000000004,0,0,51,178,217,0,5,0,641,631,631,0.98440000000000005,140,552,89,0,0,2,0,0,0,"NA",0,0,0,0,0,0,344,344,344,1,93,302,42,0,27,0,442,442,292,0.66059999999999997,33,127,315,0,150,0,265,0,0,0,"NA",0,0,0,0,0,0
hi-501,hi,honolulu coc,3,989820,4959,0.6,37.34263459,4.515781836,suburban cocs,4959,1058,1552,25,2635,2324,3112,629,359,25,1013,2099,1847,429,1193,1622,225,458,115,284,399,59,1159,143,12,155,1004,1037,125,12,137,900,122,18,18,104,449,95,116,3,214,235,210,34,16,0,50,160,24,1,0,0,1,23,186,33,16,0,49,137,48,8,32,40,8,0,0,0,0,0,48,8,32,40,8,46,8,32,40,6,3216,3081,3057,0.9506,1298,1893,25,552,2114,1086,16,154,25,1298,1212,1212,0.93369999999999997,0,13,189,635,647,16,44,16,1893,1844,1820,0.96140000000000003,363,1479,414,0,110,9,25,25,25,1,0,0,25,0,0,0,875,875,875,1,208,827,48,0,61,0,1684,1684,1004,0.59619999999999995,80,313,1371,0,583,0,722,0,0,0,"NA",0,0,0,0,0,0
ky-502,ky,lexington/fayette county coc,3,314752,1051,0.37,27.06845663,8.86058655,other urban cocs,1051,578,420,2,1000,51,937,504,380,2,886,51,114,74,40,114,0,45,25,20,45,0,118,92,2,94,24,118,92,2,94,24,0,0,0,0,162,54,104,0,158,4,65,28,24,0,52,13,1,1,0,0,1,0,64,27,24,0,51,13,4,1,3,4,0,0,0,0,0,0,4,1,3,4,0,5,2,3,5,0,999,974,820,0.82079999999999997,532,465,2,61,141,858,0,102,10,532,507,377,0.70860000000000001,24,89,40,97,435,0,10,10,465,465,441,0.94840000000000002,21,44,421,0,92,0,2,2,2,1,0,0,2,0,0,0,32,32,32,1,9,20,12,0,19,1,473,473,155,0.32769999999999999,80,139,334,0,328,10,388,170,170,44,0.25879999999999997,0,0,170,0,0,0
la-503,la,new orleans/jefferson parish coc,3,824422,1301,0.24,35.97011585,9.403421372,major cities,1301,556,202,18,776,525,1158,436,187,18,641,517,143,120,15,135,8,41,31,7,38,3,404,106,18,124,280,404,106,18,124,280,0,0,0,0,113,16,80,0,96,17,118,85,1,2,88,30,5,5,0,0,5,0,113,80,1,2,83,30,12,11,1,12,0,0,0,0,0,0,12,11,1,12,0,19,18,1,19,0,1053,1009,978,0.92879999999999996,643,390,20,67,250,801,2,172,84,643,614,614,0.95489999999999997,59,15,39,146,495,2,10,84,390,375,344,0.8821,28,104,286,0,162,0,20,20,20,1,0,0,20,0,0,0,665,607,605,0.90980000000000005,138,446,219,0,205,25,3032,3020,2267,0.74770000000000003,291,876,2156,0,733,31,1451,13,13,13,1,6,13,0,0,0,0
ma-500,ma,boston coc,3,666277,6135,0.99,48.83588153,10.97714805,major cities,6135,5337,561,51,5949,186,2492,1828,427,51,2306,186,3643,3509,134,3643,0,1079,1027,52,1079,0,769,719,12,731,38,526,476,12,488,38,243,243,243,0,233,63,143,19,225,8,190,158,25,0,183,7,51,44,7,0,51,0,139,114,18,0,132,7,173,165,8,173,0,0,0,0,0,0,173,165,8,173,0,238,227,11,238,0,5905,5728,5585,0.94579999999999997,5198,648,59,1319,3781,2124,0,218,59,5198,5104,5027,0.96709999999999996,55,232,1225,3593,1605,0,33,45,648,565,529,0.81640000000000001,94,188,460,0,165,14,59,59,29,0.49149999999999999,0,0,59,0,20,0,934,912,912,0.97640000000000005,218,630,304,0,78,40,4750,4750,4461,0.93920000000000003,284,696,4054,0,760,0,3705,3184,3184,1779,0.55869999999999997,920,2575,609,0,11,0
ma-502,ma,lynn coc,3,92522,582,0.67,42.62024641,8.790786181,suburban cocs,582,489,42,0,531,51,151,70,36,0,106,45,431,419,6,425,6,124,120,3,123,1,57,6,0,6,51,51,6,0,6,45,6,0,0,6,0,0,0,0,0,0,2,2,0,0,2,0,0,0,0,0,0,0,2,2,0,0,2,0,3,0,3,3,0,0,0,0,0,0,3,0,3,3,0,3,0,3,3,0,539,539,499,0.92579999999999996,438,101,0,110,419,120,0,20,14,438,438,438,1,14,0,88,368,70,0,20,6,101,101,61,0.60399999999999998,22,51,50,0,0,8,0,0,0,"NA",0,0,0,0,0,0,280,280,0,0,116,280,0,0,0,100,270,270,255,0.94440000000000002,31,66,204,0,1,15,67,64,64,64,1,0,0,64,0,0,0
ma-504,ma,springfield coc,3,468103,2311,0.52,34.57016321,7.848518191,suburban cocs,2311,2135,116,7,2258,53,370,269,41,7,317,53,1941,1866,75,1941,0,513,488,25,513,0,132,109,6,115,17,60,37,6,43,17,72,72,72,0,14,5,7,0,12,2,35,17,8,0,25,10,0,0,0,0,0,0,35,17,8,0,25,10,106,99,7,106,0,0,0,0,0,0,106,99,7,106,0,116,109,7,116,0,2417,2272,2209,0.91390000000000005,2285,125,7,652,2120,293,4,11,16,2285,2224,2184,0.95579999999999998,0,33,622,2045,236,4,0,8,125,41,18,0.14399999999999999,30,75,50,0,11,8,7,7,7,1,0,0,7,0,0,0,1295,1295,1295,1,385,1260,35,0,0,17,951,951,590,0.62039999999999995,165,473,478,0,361,20,402,162,162,87,0.53700000000000003,0,0,162,0,19,10
ma-505,ma,new bedford coc,3,95067,352,0.41,42.94119277,10.29624057,suburban cocs,352,213,90,0,303,49,174,49,76,0,125,49,178,164,14,178,0,52,46,6,52,0,30,10,0,10,20,28,8,0,8,20,2,2,2,0,46,5,38,0,43,3,10,8,0,0,8,2,0,0,0,0,0,0,10,8,0,0,8,2,7,7,0,7,0,0,0,0,0,0,7,7,0,7,0,8,8,0,8,0,352,312,303,0.86080000000000001,227,125,0,59,183,161,8,64,8,227,201,192,0.8458,0,0,53,169,50,8,0,8,125,111,111,0.88800000000000001,6,14,111,0,64,0,0,0,0,"NA",0,0,0,0,0,0,386,386,26,6.7400000000000002E-2,370,386,0,0,0,0,262,262,262,1,80,188,74,0,5,0,243,0,0,0,"NA",0,0,0,0,0,0
ma-508,ma,lowell coc,3,110393,658,0.65,54.65200403,12.03819596,suburban cocs,658,582,64,0,646,12,182,136,34,0,170,12,476,446,30,476,0,143,132,11,143,0,6,6,0,6,0,6,6,0,6,0,0,0,0,0,32,0,32,0,32,0,14,14,0,0,14,0,0,0,0,0,0,0,14,14,0,0,14,0,21,20,1,21,0,0,0,0,0,0,21,20,1,21,0,21,20,1,21,0,807,769,720,0.89219999999999999,499,308,0,274,669,138,0,43,0,499,481,480,0.96189999999999998,0,0,151,496,3,0,0,0,308,288,240,0.7792,123,173,135,0,43,0,0,0,0,"NA",0,0,0,0,0,0,349,349,349,1,149,349,0,0,0,0,99,99,99,1,0,0,99,0,63,0,36,95,77,77,0.8105,29,95,0,0,0,0
ma-509,ma,cambridge coc,3,109598,530,0.53,37.68281509,7.762701923,other urban cocs,530,307,156,0,463,67,395,252,76,0,328,67,135,55,80,135,0,52,22,30,52,0,181,155,0,155,26,181,155,0,155,26,0,0,0,0,13,9,0,0,9,4,30,27,1,0,28,2,0,0,0,0,0,0,30,27,1,0,28,2,11,6,5,11,0,0,0,0,0,0,11,6,5,11,0,14,7,7,14,0,432,411,375,0.86809999999999998,259,173,0,58,142,290,0,0,0,259,245,245,0.94589999999999996,46,22,25,61,198,0,0,0,173,166,130,0.75139999999999996,33,81,92,0,0,0,0,0,0,"NA",0,0,0,0,0,0,22,22,22,1,5,18,4,0,0,0,422,404,249,0.59,18,49,373,0,155,10,146,152,146,55,0.36180000000000001,16,39,113,0,0,0
md-501,md,baltimore city coc,3,619546,2669,0.52,33.75526442,10.95961889,major cities,2669,1124,984,15,2123,546,2178,841,776,15,1632,546,491,283,208,491,0,158,86,72,158,0,699,402,7,409,290,672,375,7,382,290,27,27,27,0,276,86,165,1,252,24,81,34,18,0,52,29,8,5,1,0,6,2,73,29,17,0,46,27,34,13,21,34,0,0,0,0,0,0,34,13,21,34,0,54,20,34,54,0,2429,2367,1619,0.66649999999999998,1240,1169,20,144,569,1852,8,344,52,1240,1195,887,0.71530000000000005,71,0,57,317,915,8,76,8,1169,1152,712,0.60909999999999997,87,252,917,0,268,44,20,20,20,1,0,0,20,0,0,0,474,461,446,0.94089999999999996,106,355,119,0,93,8,4252,4252,1999,0.47010000000000002,730,2040,2212,0,651,51,240,0,0,0,"NA",0,0,0,0,0,0
md-508,md,"charles, calvert, st.mary's counties coc",3,358636,419,0.18,23.56161736,3.564107948,suburban cocs,419,146,41,0,187,232,238,112,18,0,130,108,181,34,23,57,124,49,10,7,17,32,79,39,0,39,40,75,35,0,35,40,4,4,4,0,22,3,2,0,5,17,26,9,0,0,9,17,2,0,0,0,0,2,24,9,0,0,9,15,7,2,0,2,5,0,0,0,0,0,7,2,0,2,5,10,2,0,2,8,165,157,157,0.95150000000000001,119,46,0,20,107,58,0,0,0,119,113,113,0.9496,95,0,9,80,39,0,0,0,46,44,44,0.95650000000000002,11,27,19,0,0,0,0,0,0,"NA",0,0,0,0,0,0,22,22,22,1,2,5,17,0,0,0,273,273,273,1,46,158,115,0,0,0,121,1,1,1,1,0,0,1,0,0,0
mo-501,mo,st.louis city coc,3,314210,1336,0.47,28.10350687,13.54113857,other urban cocs,1336,650,544,0,1194,142,821,444,235,0,679,142,515,206,309,515,0,172,66,106,172,0,151,81,0,81,70,144,74,0,74,70,7,7,7,0,169,28,130,0,158,11,77,44,25,0,69,8,4,3,1,0,4,0,73,41,24,0,65,8,59,28,31,59,0,0,0,0,0,0,59,28,31,59,0,77,29,48,77,0,1338,1159,971,0.72570000000000001,658,680,0,217,670,668,0,136,40,658,584,436,0.66259999999999997,32,43,78,257,401,0,0,20,680,575,535,0.78680000000000005,139,413,267,0,136,20,0,0,0,"NA",0,0,0,0,0,0,65,65,51,0.78459999999999996,21,38,27,0,52,0,1764,1764,1417,0.80330000000000001,311,878,886,0,341,0,513,0,0,0,"NA",0,0,0,0,0,0
nc-516,nc,northwest north carolina coc,3,210136,466,0.32,38.60141228,9.48571091,rural cocs,466,93,26,0,119,347,199,69,11,0,80,119,267,24,15,39,228,89,10,5,15,74,13,6,0,6,7,13,6,0,6,7,0,0,0,0,5,5,0,0,5,0,23,9,3,0,12,11,1,0,1,0,1,0,22,9,2,0,11,11,8,0,0,0,8,0,0,0,0,0,8,0,0,0,8,9,0,0,0,9,121,61,54,0.44629999999999997,87,34,0,22,53,67,1,0,1,87,31,24,0.27589999999999998,20,10,16,35,52,0,0,0,34,30,30,0.88239999999999996,6,18,15,1,0,1,0,0,0,"NA",0,0,0,0,0,0,10,10,10,1,1,2,8,0,6,0,62,54,54,0.871,10,31,31,0,0,0,3,0,0,0,"NA",0,0,0,0,0,0
nv-500,nv,las vegas/clark county coc,3,2104734,6490,0.36,26.89159458,6.498764483,major cities,6490,1635,482,20,2137,4353,6190,1414,411,20,1845,4345,300,221,71,292,8,111,81,27,108,3,446,74,12,86,360,440,72,12,84,356,6,2,2,4,691,116,251,0,367,324,2052,68,84,0,152,1900,256,17,1,0,18,238,1796,51,83,0,134,1662,22,9,9,18,4,1,0,1,1,0,21,9,8,17,4,22,10,10,20,2,2131,1998,1820,0.85409999999999997,1395,711,25,137,401,1694,36,398,168,1395,1262,1084,0.77710000000000001,323,221,85,244,1127,24,93,57,711,711,711,1,52,157,542,12,305,111,25,25,25,1,0,0,25,0,0,0,684,684,684,1,159,474,210,0,179,106,2440,2440,1422,0.58279999999999998,203,647,1791,2,1628,45,1319,0,0,0,"NA",0,0,0,0,0,0
ny-600,ny,new york city coc,3,8497179,76501,0.96,48.19331852,8.622000266,major cities,76501,69605,2923,37,72565,3936,31124,24442,2709,37,27188,3936,45377,45163,214,45377,0,14245,14162,83,14245,0,5755,3928,27,3955,1800,4401,2574,27,2601,1800,1354,1354,1354,0,535,317,153,37,507,28,2003,1394,344,0,1738,265,5,0,0,0,0,5,1998,1394,344,0,1738,260,2525,2487,38,2525,0,0,0,0,0,0,2525,2487,38,2525,0,2723,2680,43,2723,0,76865,73955,71924,0.93569999999999998,73675,3150,40,15084,48819,28046,0,342,457,73675,70816,70100,0.95150000000000001,0,0,14988,48490,25185,0,148,97,3150,3099,1784,0.56630000000000003,96,329,2821,0,154,360,40,40,40,1,0,0,40,0,40,0,2567,2567,2567,1,304,992,1575,0,2567,10,28078,27769,16179,0.57620000000000005,1817,5306,22772,0,4916,385,16093,0,0,0,"NA",0,0,0,0,0,0
or-500,or,eugene/springfield/lane county coc,3,363486,1529,0.57,32.26824611,9.03904815,other urban cocs,1529,442,84,0,526,1003,1260,342,31,0,373,887,269,100,53,153,116,84,33,17,50,34,640,143,0,143,497,568,111,0,111,457,72,32,32,40,164,25,19,0,44,120,116,28,10,0,38,78,9,6,0,0,6,3,107,22,10,0,32,75,4,2,1,3,1,0,0,0,0,0,4,2,1,3,1,4,2,1,3,1,571,542,542,0.94920000000000004,475,96,0,40,132,427,12,26,22,475,446,446,0.93889999999999996,75,0,18,67,396,12,4,12,96,96,96,1,22,65,31,0,22,10,0,0,0,"NA",0,0,0,0,0,0,260,249,249,0.9577,61,202,58,0,37,0,512,512,512,1,37,104,408,0,261,0,107,0,0,0,"NA",0,0,0,0,0,0
or-501,or,portland-gresham-multnomah county coc,3,787968,4177,0.65,36.6731248,7.856584934,major cities,4177,1752,757,0,2509,1668,3520,1341,588,0,1929,1591,657,411,169,580,77,216,126,62,188,28,1290,373,0,373,917,1240,339,0,339,901,50,34,34,16,445,135,127,0,262,183,304,109,63,0,172,132,14,3,3,0,6,8,290,106,60,0,166,124,35,15,16,31,4,0,0,0,0,0,35,15,16,31,4,39,20,15,35,4,2562,2418,2180,0.85089999999999999,1749,813,0,200,574,1982,6,146,139,1749,1627,1389,0.79420000000000002,0,45,133,383,1364,2,29,70,813,791,791,0.97289999999999999,67,191,618,4,117,69,0,0,0,"NA",0,0,0,0,0,0,2083,1885,1885,0.90490000000000004,367,1333,749,1,362,84,4626,4571,3866,0.8357,538,1782,2844,0,654,51,1748,0,0,0,"NA",0,0,0,0,0,0
or-502,or,medford/ashland/jackson county coc,3,213469,633,0.41,37.92912457,6.925191952,suburban cocs,633,213,156,0,369,264,525,189,101,0,290,235,108,24,55,79,29,37,8,21,29,8,170,59,0,59,111,163,57,0,57,106,7,2,2,5,95,13,52,0,65,30,62,27,14,0,41,21,17,15,0,0,15,2,45,12,14,0,26,19,15,0,14,14,1,0,0,0,0,0,15,0,14,14,1,14,0,13,13,1,335,304,167,0.4985,170,165,0,61,160,175,0,54,43,170,139,27,0.1588,107,0,40,102,68,0,0,16,165,165,140,0.84850000000000003,21,58,107,0,54,27,0,0,0,"NA",0,0,0,0,0,0,104,104,104,1,12,54,50,0,89,0,559,559,171,0.30590000000000001,228,299,260,0,385,0,148,0,0,0,"NA",0,0,0,0,0,0
or-503,or,central oregon coc,3,219265,778,0.46,34.8840528,5.966821225,rural cocs,778,181,49,0,230,548,494,141,43,0,184,310,284,40,6,46,238,76,12,3,15,61,246,30,0,30,216,187,25,0,25,162,59,5,5,54,83,16,10,0,26,57,68,22,8,0,30,38,7,2,2,0,4,3,61,20,6,0,26,35,8,0,3,3,5,0,0,0,0,0,8,0,3,3,5,9,0,3,3,6,272,248,179,0.65810000000000002,211,61,0,19,65,189,18,13,28,211,187,148,0.70140000000000002,115,2,17,61,141,9,7,9,61,61,31,0.50819999999999999,2,4,48,9,6,19,0,0,0,"NA",0,0,0,0,0,0,177,177,173,0.97740000000000005,55,173,4,0,0,0,138,138,19,0.13769999999999999,13,42,96,0,129,0,138,9,9,0,0,1,2,7,0,1,0
or-505,or,oregon balance of state coc,3,1468651,5795,0.57,33.21585317,7.307823369,rural cocs,5795,1036,990,0,2026,3769,3902,787,560,0,1347,2555,1893,249,430,679,1214,575,83,125,208,367,737,224,0,224,513,668,200,0,200,468,69,24,24,45,379,79,60,0,139,240,847,107,92,0,199,648,460,33,25,0,58,402,387,74,67,0,141,246,44,10,13,23,21,2,1,1,2,0,42,9,12,21,21,61,10,21,31,30,2575,2274,606,0.23530000000000001,1390,1185,0,429,1100,1406,69,8,137,1390,1184,256,0.1842,69,0,204,528,810,52,0,86,1185,1090,350,0.2954,225,572,596,17,8,51,0,0,0,"NA",0,0,0,0,0,0,370,370,364,0.98380000000000001,67,232,138,0,54,1,603,603,333,0.55220000000000002,127,371,232,0,233,0,93,136,136,136,1,36,113,23,0,0,0
wa-500,wa,seattle/king county coc,3,2119230,11643,0.65,34.24083742,4.973248833,major cities,11643,3491,2624,43,6158,5485,8810,2407,956,43,3406,5404,2833,1084,1668,2752,81,905,328,555,883,22,2773,949,37,986,1787,2483,667,37,704,1779,290,282,282,8,1329,284,352,0,636,693,1498,164,192,0,356,1142,221,11,15,0,26,195,1277,153,177,0,330,947,142,59,77,136,6,1,1,0,1,0,141,58,77,135,6,222,103,112,215,7,6445,5771,4474,0.69420000000000004,3498,2902,45,972,3203,3188,54,340,534,3498,3267,2592,0.74099999999999999,390,126,427,1254,2200,44,57,210,2902,2459,1837,0.63300000000000001,545,1949,943,10,283,324,45,45,45,1,0,0,45,0,0,0,781,769,769,0.98460000000000003,156,541,240,0,117,83,5469,5469,4413,0.80689999999999995,398,1285,4184,0,1283,61,2413,2086,2028,1983,0.9506,410,1526,540,20,25,147
